"시점","행정구역(시군구)별","성별",계,0세,1세,2세,3세,4세,5세,6세,7세,8세,9세,10세,11세,12세,13세,14세,15세,16세,17세,18세,19세,20세,21세,22세,23세,24세,25세,26세,27세,28세,29세,30세,31세,32세,33세,34세,35세,36세,37세,38세,39세,40세,41세,42세,43세,44세,45세,46세,47세,48세,49세,50세,51세,52세,53세,54세,55세,56세,57세,58세,59세,60세,61세,62세,63세,64세,65세,66세,67세,68세,69세,70세,71세,72세,73세,74세,75세,76세,77세,78세,79세,80세 이상,80세,81세,82세,83세,84세,85세 이상,85세,86세,87세,88세,89세,90세,91세,92세,93세,94세,95세,96세,97세,98세,99세,100세 이상
"2021","전국","계",51333252.5,259510.5,289615.5,318803.5,347606.5,387871.5,428349,442373,440854,465347,482729.5,474603.5,460538,458068,481847,472161.5,442219,454048.5,482165.5,492002.5,524630.5,596394,626296.5,626372,651725.5,674227,692376.5,706614.5,707753,713547.5,709683.5,667698,632322,625052.5,618356.5,619074.5,636092.5,652595,699593,778644.5,823760.5,830614.5,823895,766533,742151,761686.5,766688,813249,863391.5,880546,903752,914310,904150,907379,875859.5,821124.5,815081,822608.5,792862,815098.5,873108.5,891924,860420,789031.5,748795,707641,682068,640687,547047.5,531852.5,480215,416031.5,429122,427136,424044,378803,314437.5,302770.5,308912.5,338966,332883.5,2022853.5,275901,255032,237734.5,208778.5,185811.5,859596,166367,144283,117732,96891,78001.5,61675,50946.5,40545.5,30882.5,21661.5,14820.5,10490.5,8226.5,6448,4043.5,6581.5
"2021","전국","남자",25589102,132907,148527,163645,178611,198980.5,219324,226638.5,225796,238573,247679,244066,237236,235727.5,247769,243324,228713.5,235116.5,249913.5,255764,273001.5,310608.5,326574.5,326718.5,338859,351546,364598,374439.5,376111.5,377343.5,372441,351328.5,331764.5,325425.5,319366,318662,328029.5,334501,357518.5,396899.5,419947.5,423598.5,417497.5,390636.5,377617,385814.5,389009,412380.5,436592,445953,461257.5,464914.5,456912,455418,435211,415771.5,415547.5,413113.5,401359.5,413544,437765,440904.5,423937.5,390544,371681.5,349007.5,331231.5,310540.5,265151.5,254797,229243,197368.5,202315.5,200439,196575,173732,142715,133311,132357.5,142722,137336.5,679284,110352,98834.5,89504,75897,64784.5,239912,55187.5,45625.5,35366.5,27436.5,20629.5,14919.5,11857.5,9080.5,6375.5,4224.5,2705.5,1968.5,1618,1204,693,1020
"2021","전국","여자",25744150.5,126603.5,141088.5,155158.5,168995.5,188891,209025,215734.5,215058,226774,235050.5,230537.5,223302,222340.5,234078,228837.5,213505.5,218932,232252,236238.5,251629,285785.5,299722,299653.5,312866.5,322681,327778.5,332175,331641.5,336204,337242.5,316369.5,300557.5,299627,298990.5,300412.5,308063,318094,342074.5,381745,403813,407016,406397.5,375896.5,364534,375872,377679,400868.5,426799.5,434593,442494.5,449395.5,447238,451961,440648.5,405353,399533.5,409495,391502.5,401554.5,435343.5,451019.5,436482.5,398487.5,377113.5,358633.5,350836.5,330146.5,281896,277055.5,250972,218663,226806.5,226697,227469,205071,171722.5,169459.5,176555,196244,195547,1343569.5,165549,156197.5,148230.5,132881.5,121027,619684,111179.5,98657.5,82365.5,69454.5,57372,46755.5,39089,31465,24507,17437,12115,8522,6608.5,5244,3350.5,5561.5
"2021","서울특별시","계",9453878,44286.5,47688,50989,54362,60091,65831,67745.5,67465.5,71143.5,73393.5,72628,71290,72153,76585,75891,71993.5,74555.5,79773,81462,89569.5,105204,113999,119425.5,131920,142554,152935.5,162110,166376,169322.5,168924.5,158323.5,147666,143950.5,139679.5,135795.5,135895,135430.5,140500.5,150888,155548.5,154660.5,152163.5,139550.5,133805.5,138162,138489,145889.5,154536,158841.5,164614,165955.5,161787.5,158509,151198.5,140101,138360.5,142079.5,138324,140252.5,147582.5,151814.5,149269.5,139436.5,134299.5,127967.5,125422.5,118910,102468.5,100110,88263,76783.5,81064,80540.5,80703,73275.5,61164.5,57303,56504.5,60419,58158.5,319793.5,47144.5,42196.5,38326.5,33131.5,28802,130192.5,25444.5,21588.5,17356,14352.5,11516,9161.5,7811,6369.5,4915,3511.5,2329.5,1664.5,1381,1028,671.5,1092
"2021","서울특별시","남자",4593754,22768.5,24677.5,26502.5,27972.5,30671.5,33693.5,34622.5,34590,36545.5,37619.5,37237.5,36511,37083.5,39390.5,39121,37203.5,38441.5,41043.5,41768,45190.5,51775.5,54749,56943.5,61904,66387.5,72370.5,78464.5,81971.5,83808,83659.5,79017.5,74054,72028,69480.5,67625.5,68094,67708,70432,75424,77890,77471.5,75179,69169.5,66146.5,67949,68460,72268.5,76259,78276,81846,82276,79876.5,77915,73237.5,69096,68769.5,69226,67819.5,68984,71610,72163.5,70816,66432.5,63848.5,60434,58539,55669.5,48173,46855.5,41270,35837,37497.5,37121.5,36877.5,33145,27675.5,25867,25276.5,27046.5,25901,119031.5,20512.5,17866,15861,13247,11024.5,40520.5,9329.5,7554,5776,4579.5,3427.5,2493,2070,1610,1156,773,469.5,367,329.5,235,135.5,215.5
"2021","서울특별시","여자",4860124,21518,23010.5,24486.5,26389.5,29419.5,32137.5,33123,32875.5,34598,35774,35390.5,34779,35069.5,37194.5,36770,34790,36114,38729.5,39694,44379,53428.5,59250,62482,70016,76166.5,80565,83645.5,84404.5,85514.5,85265,79306,73612,71922.5,70199,68170,67801,67722.5,70068.5,75464,77658.5,77189,76984.5,70381,67659,70213,70029,73621,78277,80565.5,82768,83679.5,81911,80594,77961,71005,69591,72853.5,70504.5,71268.5,75972.5,79651,78453.5,73004,70451,67533.5,66883.5,63240.5,54295.5,53254.5,46993,40946.5,43566.5,43419,43825.5,40130.5,33489,31436,31228,33372.5,32257.5,200762,26632,24330.5,22465.5,19884.5,17777.5,89672,16115,14034.5,11580,9773,8088.5,6668.5,5741,4759.5,3759,2738.5,1860,1297.5,1051.5,793,536,876.5
"2021","부산광역시","계",3343353,14447.5,16220.5,18322,20487,23080.5,25565,26398,26043,27217.5,28095.5,27338.5,25974,25503,26858.5,26181,24599.5,25460.5,27492,28413.5,30767,35656.5,38300,39850,41980,43809.5,44781,44721.5,44425.5,44472.5,43906.5,40800,38758.5,38245,37023.5,36765.5,37589,38911,42523.5,47603.5,51191,52653.5,52175.5,47918,45478.5,45609,46191.5,49560,52470.5,53977.5,55530,56500.5,56512,57082,56251,53122.5,52341,53008.5,52476.5,56160.5,61663,64323.5,62888,58780,57434.5,55509.5,54987.5,52066,44549.5,43477.5,40493.5,35631,35552,35478.5,34361.5,29893,24269,23542,24550.5,25551,24248.5,133307.5,20376.5,18438.5,16343,13888.5,12137.5,52123.5,10557,8991.5,7212.5,5833.5,4707.5,3600.5,2921,2446,1882.5,1260.5,827.5,592,418.5,331.5,210.5,331
"2021","부산광역시","남자",1636288,7446,8322,9368,10511,11788,13077,13601.5,13418.5,13996,14372.5,13971,13364,13134.5,13803,13487,12702.5,13126.5,14266.5,14803,15933,18301.5,19581.5,20581,21523,22746,23625.5,23521,23338.5,23259,22756.5,21286,20160.5,19663.5,18838,18835.5,19366,19846.5,21541,24114,25972,26746,26356,24414,23174,23022.5,23267.5,24872,26187.5,26968,27694.5,27922.5,27794.5,27791,26946,25912,25638.5,25436,25474,27233.5,29381,30264,29656,27916.5,27451,26450.5,25702.5,24707,21270.5,20268.5,18907.5,16616,16430.5,16240.5,15653.5,13592.5,11115.5,10550.5,10837.5,11091,10183.5,45804,8298,7273.5,6279,5163.5,4330.5,14459.5,3522,2818,2174.5,1643,1228,866.5,669.5,530,348.5,211,140,94,70,60.5,36,48
"2021","부산광역시","여자",1707065,7001.5,7898.5,8954,9976,11292.5,12488,12796.5,12624.5,13221.5,13723,13367.5,12610,12368.5,13055.5,12694,11897,12334,13225.5,13610.5,14834,17355,18718.5,19269,20457,21063.5,21155.5,21200.5,21087,21213.5,21150,19514,18598,18581.5,18185.5,17930,18223,19064.5,20982.5,23489.5,25219,25907.5,25819.5,23504,22304.5,22586.5,22924,24688,26283,27009.5,27835.5,28578,28717.5,29291,29305,27210.5,26702.5,27572.5,27002.5,28927,32282,34059.5,33232,30863.5,29983.5,29059,29285,27359,23279,23209,21586,19015,19121.5,19238,18708,16300.5,13153.5,12991.5,13713,14460,14065,87503.5,12078.5,11165,10064,8725,7807,37664,7035,6173.5,5038,4190.5,3479.5,2734,2251.5,1916,1534,1049.5,687.5,498,348.5,271,174.5,283
"2021","대구광역시","계",2387449.5,10671.5,12348.5,14028.5,15541.5,17680,19541.5,20174.5,20049,21064,21863,21438.5,20723,20691,22073.5,21836.5,20830.5,21566,23379,24078.5,25359.5,29132,30786,30730,31718.5,32594,32805.5,32495.5,31536,31444.5,31098,28938,27569.5,26703,25766.5,26109,26775.5,27218.5,29513.5,33475.5,35914.5,36539.5,36610.5,34164.5,33334.5,34902,35837.5,38152,40413.5,41961,43308,43618.5,43511.5,44442,43814.5,40822.5,39937.5,40459.5,38832.5,40077,43080,42700.5,41429.5,37654.5,34882,34042,32816,30213,26531,26722.5,24520.5,21051,21256,21488.5,20645,16995.5,13420.5,13830,15136.5,16238.5,15463.5,89333,12827.5,11855.5,10873,9346,8335.5,36095.5,7353.5,6389.5,5142.5,4184.5,3355,2504.5,1924,1526,1191.5,802.5,553,385,251,199,129.5,204.5
"2021","대구광역시","남자",1176548.5,5496.5,6392,7204,7937.5,9057,10011,10322.5,10201,10759,11220.5,11062,10746.5,10724,11372.5,11257.5,10889,11313.5,12277,12757,13477.5,15375.5,16277,16282,16720.5,17225,17553,17526,17018,16904,16730.5,15636,14910.5,14434,13801,13878.5,14185,14087.5,14965,16672.5,17779,18171,18024.5,16953,16640.5,17301.5,17650,18723.5,19766,20471.5,21297,21389,21169,21640.5,21229.5,20107,19682,19542.5,19044,19706.5,21015,20579.5,19792.5,18192.5,17042.5,16485.5,15440.5,14193.5,12492,12213.5,11217,9697.5,9759.5,9704.5,9139,7511.5,5892.5,5859.5,6282,6737,6281,30074,4983,4500,4041.5,3349.5,2896,10304,2471,2060.5,1575,1231.5,922,601,424,329.5,242,146.5,102,77.5,49.5,32,15.5,24.5
"2021","대구광역시","여자",1210901,5175,5956.5,6824.5,7604,8623,9530.5,9852,9848,10305,10642.5,10376.5,9976.5,9967,10701,10579,9941.5,10252.5,11102,11321.5,11882,13756.5,14509,14448,14998,15369,15252.5,14969.5,14518,14540.5,14367.5,13302,12659,12269,11965.5,12230.5,12590.5,13131,14548.5,16803,18135.5,18368.5,18586,17211.5,16694,17600.5,18187.5,19428.5,20647.5,21489.5,22011,22229.5,22342.5,22801.5,22585,20715.5,20255.5,20917,19788.5,20370.5,22065,22121,21637,19462,17839.5,17556.5,17375.5,16019.5,14039,14509,13303.5,11353.5,11496.5,11784,11506,9484,7528,7970.5,8854.5,9501.5,9182.5,59259,7844.5,7355.5,6831.5,5996.5,5439.5,25791.5,4882.5,4329,3567.5,2953,2433,1903.5,1500,1196.5,949.5,656,451,307.5,201.5,167,114,180
"2021","인천광역시","계",2921874.5,14928,16803.5,18510,20040.5,22233,24736,25578,25408.5,26713.5,27913,27524,26600.5,26364,27767,27243.5,25346.5,25903.5,27517,28097,29698.5,33525,35244,35509,37624.5,39348,40784.5,42372,43126,43655,43348,40654.5,38025,37157,36304,36222.5,37371,38518.5,41432.5,46149.5,49039.5,49564.5,49038.5,45559,43794.5,44354,44672.5,47346,49929,51165.5,52261.5,52687.5,52233,52616.5,50969.5,48083.5,48652.5,50023.5,48458,49474,52229,52448.5,49895,45479,42566.5,38942,36792,34019.5,28456.5,27291.5,23523,19688,21078,21028,20876,18995,15655.5,14397.5,14439,15610,15112,92134.5,12362.5,11312.5,10698,9336,8310,40115.5,7577.5,6492.5,5315.5,4459,3657,2963,2467.5,1952.5,1498,1102.5,770.5,560.5,432.5,315,214,338
"2021","인천광역시","남자",1462112.5,7675.5,8653,9557,10334.5,11395,12639,13133.5,12977.5,13660.5,14352,14155.5,13707.5,13467.5,14138.5,14031.5,13079,13320.5,14118.5,14499.5,15391,17354.5,18386.5,18583,19347.5,20216.5,21204.5,22262,22802.5,22899,22584.5,21419.5,19875,19315,18804.5,18662.5,19371,19867,21232.5,23610.5,25229.5,25555.5,25217.5,23433.5,22352.5,22712.5,22927,24267,25316,25825,26560,26607.5,26101,25845.5,24804,23832.5,24310.5,24879.5,24328.5,24953.5,26279.5,26325.5,24928.5,22748.5,21233.5,19318,18073,16582,13827.5,13284.5,11437.5,9549,10148.5,10039,9744.5,8685,7132.5,6426,6318,6618,6147.5,30123.5,4863,4352.5,3978.5,3349,2816,10764.5,2470.5,2034.5,1543.5,1191,898,664.5,526,426.5,310.5,223.5,129,87,92,72,36,60
"2021","인천광역시","여자",1459762,7252.5,8150.5,8953,9706,10838,12097,12444.5,12431,13053,13561,13368.5,12893,12896.5,13628.5,13212,12267.5,12583,13398.5,13597.5,14307.5,16170.5,16857.5,16926,18277,19131.5,19580,20110,20323.5,20756,20763.5,19235,18150,17842,17499.5,17560,18000,18651.5,20200,22539,23810,24009,23821,22125.5,21442,21641.5,21745.5,23079,24613,25340.5,25701.5,26080,26132,26771,26165.5,24251,24342,25144,24129.5,24520.5,25949.5,26123,24966.5,22730.5,21333,19624,18719,17437.5,14629,14007,12085.5,10139,10929.5,10989,11131.5,10310,8523,7971.5,8121,8992,8964.5,62011,7499.5,6960,6719.5,5987,5494,29351,5107,4458,3772,3268,2759,2298.5,1941.5,1526,1187.5,879,641.5,473.5,340.5,243,178,278
"2021","광주광역시","계",1438867.5,7483,8227,9319,10334.5,11693,12968,13585.5,13654.5,14551.5,15039.5,14875.5,14656.5,14601,15487.5,15395,14449.5,14822.5,16120.5,16662.5,17573.5,20134,21045.5,20892.5,21389.5,21485.5,21456.5,21183.5,20338.5,20061,19470.5,17782.5,16549,16179.5,16067,16315.5,16940.5,17825,19578.5,22119,23287,23269,23488.5,22286,21733.5,22631,22485.5,23863.5,25388,25623,26153,26323,25299,25308,24701.5,23080.5,22649,21933,21227,21177,21350,22381.5,22033,19679,18360,16745.5,15836,14970,12604,12362,11815.5,10787,11243,10975,10779,9896,8220.5,7665.5,7262,8257,8431,46996,6735,5993.5,5517.5,4933,4208.5,19608.5,3671.5,3334.5,2713,2143.5,1728,1441,1272.5,943,684.5,497.5,349,232,187,159.5,94.5,157.5
"2021","광주광역시","남자",711441,3785.5,4140.5,4757,5350.5,5993,6634,6989.5,6994.5,7534.5,7810,7668,7560.5,7509.5,8008,7992.5,7497.5,7691.5,8418,8660.5,9088.5,10500.5,10957.5,10811,11114,11250,11188.5,11064.5,10729.5,10514,10159,9288,8617.5,8341.5,8211.5,8292,8594,9080,9975.5,11194.5,11693,11597.5,11571.5,11038,10788.5,11242,11216,11905,12587.5,12657,12969.5,13053.5,12553.5,12498.5,12151,11527,11263,10815,10560,10499,10482,10843.5,10576,9424.5,8800.5,8081,7580.5,7084,5896,5712,5454.5,4978.5,5121,4959,4802.5,4403,3693,3357,3123,3543,3529,15845,2662.5,2326.5,2128.5,1831.5,1481.5,5414.5,1212,1062.5,817,601.5,457,332.5,295,225,140,100.5,59,35.5,31.5,20,11,14.5
"2021","광주광역시","여자",727426.5,3697.5,4086.5,4562,4984,5700,6334,6596,6660,7017,7229.5,7207.5,7096,7091.5,7479.5,7402.5,6952,7131,7702.5,8002,8485,9633.5,10088,10081.5,10275.5,10235.5,10268,10119,9609,9547,9311.5,8494.5,7931.5,7838,7855.5,8023.5,8346.5,8745,9603,10924.5,11594,11671.5,11917,11248,10945,11389,11269.5,11958.5,12800.5,12966,13183.5,13269.5,12745.5,12809.5,12550.5,11553.5,11386,11118,10667,10678,10868,11538,11457,10254.5,9559.5,8664.5,8255.5,7886,6708,6650,6361,5808.5,6122,6016,5976.5,5493,4527.5,4308.5,4139,4714,4902,31151,4072.5,3667,3389,3101.5,2727,14194,2459.5,2272,1896,1542,1271,1108.5,977.5,718,544.5,397,290,196.5,155.5,139.5,83.5,143
"2021","대전광역시","계",1449628,7322.5,8077.5,8993,9947.5,11232,12392,12775.5,12803.5,13468.5,13985,13849.5,13464.5,13622.5,14459.5,14336.5,13570.5,14049.5,15105.5,15302.5,16373,18657.5,19769.5,20228,21302.5,21804.5,22070,22146,21642.5,21537.5,21110.5,19769,18467,18033.5,17715.5,17572.5,17918,18127.5,19165.5,21272.5,22698,22846,22609.5,21477,21206,21840.5,22076.5,23356,25136.5,25615,26066.5,26285.5,26162,26532.5,25135.5,22702,22199,22424.5,21177.5,21873,24254,24643,23334,20970,19865.5,19110.5,18296,17115.5,14466.5,13496.5,12186.5,10877.5,11116.5,10858,10421,9056.5,7671,7477,7519,8278.5,8094,47662,6344,5860,5709,4978.5,4418,20352.5,3929.5,3400.5,2820.5,2325,1861,1456,1165.5,965,765.5,503,337,252,192,142.5,88,149.5
"2021","대전광역시","남자",722810,3811.5,4133,4557,5109.5,5784.5,6367,6593.5,6581.5,6896,7201,7142.5,6926,7027,7439,7376,7053.5,7324.5,7836.5,7946,8494.5,9485.5,9995.5,10420,10951.5,11364,11783.5,11855.5,11581.5,11524,11204,10578.5,9972,9711.5,9459,9239.5,9360.5,9364,9787.5,10783.5,11426,11452,11245,10712.5,10518.5,10775.5,10933.5,11613.5,12420.5,12711.5,13141.5,13271.5,13096,13106,12315,11406.5,11187,11097,10555.5,10894,11996,11960.5,11284.5,10204.5,9778.5,9384,8864,8176.5,6963,6514,5830,5171.5,5271,5089,4826,4191.5,3522,3330.5,3241,3532.5,3410,16370,2568.5,2302,2210,1877.5,1562.5,5849.5,1303,1098,881,693,518,369.5,278.5,217.5,172.5,107.5,67.5,50.5,32.5,22,16,22.5
"2021","대전광역시","여자",726818,3511,3944.5,4436,4838,5447.5,6025,6182,6222,6572.5,6784,6707,6538.5,6595.5,7020.5,6960.5,6517,6725,7269,7356.5,7878.5,9172,9774,9808,10351,10440.5,10286.5,10290.5,10061,10013.5,9906.5,9190.5,8495,8322,8256.5,8333,8557.5,8763.5,9378,10489,11272,11394,11364.5,10764.5,10687.5,11065,11143,11742.5,12716,12903.5,12925,13014,13066,13426.5,12820.5,11295.5,11012,11327.5,10622,10979,12258,12682.5,12049.5,10765.5,10087,9726.5,9432,8939,7503.5,6982.5,6356.5,5706,5845.5,5769,5595,4865,4149,4146.5,4278,4746,4684,31292,3775.5,3558,3499,3101,2855.5,14503,2626.5,2302.5,1939.5,1632,1343,1086.5,887,747.5,593,395.5,269.5,201.5,159.5,120.5,72,127
"2021","울산광역시","계",1124040.5,6150.5,6905,7663.5,8502,9700.5,10785,11150,11044,11544.5,11788.5,11458,11130,11023.5,11531,11160,10312.5,10443,11092.5,11317.5,11670.5,13242,13744.5,13406,13748.5,14068.5,14383.5,14543,14435,14522,14624,13924,13433.5,13362,13142,13331.5,13739,14329,15686,17712,18981.5,19351.5,19191,17673.5,17017.5,17146.5,17009.5,17995,19165.5,19689.5,20473,21011.5,21189.5,21760,21591,20675,20672.5,20484.5,19162,19544.5,20966.5,20923.5,19600.5,17790.5,16523.5,15362.5,14607.5,13299.5,11368,10767.5,9529.5,8212.5,7946,7704,7361,6101,4728,4588.5,4822,5142.5,4712,26451.5,3793.5,3513.5,3146.5,2724.5,2352.5,10921,2096.5,1859,1555.5,1257,990,753.5,621.5,514,380.5,268,193,144.5,112.5,77.5,39,59
"2021","울산광역시","남자",577173.5,3124,3481,3909.5,4386.5,5051.5,5585,5754.5,5660.5,5908,6092,5963.5,5818.5,5745,5959,5777.5,5424.5,5536,5899.5,6000,6297,7311.5,7645.5,7505,7709,7991,8244.5,8270.5,8225,8220,8099,7658,7393,7341.5,7121.5,7109.5,7298,7534.5,8091,9073.5,9822,10024.5,9889,9242.5,8881,8845.5,8695,9038,9541.5,9762.5,10221,10422,10467.5,10765,10603,10501.5,10753,10555,9950,10217.5,10841,10623,9938,9066,8346.5,7708.5,7241,6640.5,5725,5354,4745,4103.5,3960.5,3829.5,3629.5,2971,2280.5,2086.5,2123,2238.5,1986.5,8324.5,1525,1359.5,1160.5,914,732,2633.5,605,531.5,434.5,322,213,152,122.5,90.5,56,35,21.5,14.5,20,10,2,3.5
"2021","울산광역시","여자",546867,3026.5,3424,3754,4115.5,4649,5200,5395.5,5383.5,5636.5,5696.5,5494.5,5311.5,5278.5,5572,5382.5,4888,4907,5193,5317.5,5373.5,5930.5,6099,5901,6039.5,6077.5,6139,6272.5,6210,6302,6525,6266,6040.5,6020.5,6020.5,6222,6441,6794.5,7595,8638.5,9159.5,9327,9302,8431,8136.5,8301,8314.5,8957,9624,9927,10252,10589.5,10722,10995,10988,10173.5,9919.5,9929.5,9212,9327,10125.5,10300.5,9662.5,8724.5,8177,7654,7366.5,6659,5643,5413.5,4784.5,4109,3985.5,3874.5,3731.5,3130,2447.5,2502,2699,2904,2725.5,18127,2268.5,2154,1986,1810.5,1620.5,8287.5,1491.5,1327.5,1121,935,777,601.5,499,423.5,324.5,233,171.5,130,92.5,67.5,37,55.5
"2021","세종특별자치시","계",362921.5,3394.5,3666,4062,4455.5,4868,5256.5,5324,5203,5418.5,5516.5,5324,5139.5,5018.5,5018,4651,4164,3983,3885.5,3627,3417,3543.5,3555,3386,3358.5,3434.5,3593.5,3827.5,4026,4411,4802.5,4924,4983.5,5247,5533,5811.5,6027,6210.5,6763.5,7706,8267,8117,8084,7464,6946,6987,6697,6756.5,6795.5,6469,6261.5,6040.5,5581,5353.5,4926.5,4384,4186,4176,3945,3952,4271.5,4255,4028.5,3688,3495,3286,3200,2997.5,2423,2247,2050,1780.5,1882,1759,1621,1421.5,1180.5,1130,1165.5,1293.5,1279.5,8542,1043.5,953,950,825,752,4018.5,732.5,656,547,466,370.5,304,257,209.5,152,101.5,70,44,32.5,31,19.5,25.5
"2021","세종특별자치시","남자",181134.5,1702,1868,2074,2262,2485.5,2680,2715,2667,2770.5,2858,2740.5,2632,2512,2475,2337,2087.5,1974.5,1919.5,1820,1749,1853.5,1871,1777,1759,1797.5,1860,1965.5,2026,2145,2306.5,2355,2409,2576.5,2734,2851,2980,3068.5,3294.5,3710,4025,3989.5,3993,3693.5,3476.5,3491,3377.5,3462,3540.5,3455,3412.5,3244,2958.5,2807,2540,2254,2154.5,2170,2059,2061,2167,2125,2001.5,1840,1751.5,1641.5,1581.5,1478.5,1177,1089,996,882,916,855,780,658,542.5,499.5,501.5,543,526,2750,419,363.5,354,290.5,257.5,1065.5,242.5,204.5,162.5,114,81,75,56,40.5,30,19.5,14.5,6.5,6,4.5,4,4.5
"2021","세종특별자치시","여자",181787,1692.5,1798,1988,2193.5,2382.5,2576.5,2609,2536,2648,2658.5,2583.5,2507.5,2506.5,2543,2314,2076.5,2008.5,1966,1807,1668,1690,1684,1609,1599.5,1637,1733.5,1862,2000,2266,2496,2569,2574.5,2670.5,2799,2960.5,3047,3142,3469,3996,4242,4127.5,4091,3770.5,3469.5,3496,3319.5,3294.5,3255,3014,2849,2796.5,2622.5,2546.5,2386.5,2130,2031.5,2006,1886,1891,2104.5,2130,2027,1848,1743.5,1644.5,1618.5,1519,1246,1158,1054,898.5,966,904,841,763.5,638,630.5,664,750.5,753.5,5792,624.5,589.5,596,534.5,494.5,2953,490,451.5,384.5,352,289.5,229,201,169,122,82,55.5,37.5,26.5,26.5,15.5,21
"2021","경기도","계",13398945,75801.5,84751.5,93548.5,101777,113193,125009.5,128712,127259.5,133730.5,138503.5,135510.5,131411.5,130300,136126.5,132660.5,122980,124916,131978.5,133503.5,142269,159992.5,166983,165908.5,172561.5,179386.5,185089.5,189403.5,190203,192853.5,193537.5,182793,173568,173247,172695.5,173248,179329,184471,197933,220814.5,234400,236610,233820,216723.5,209329.5,214589,214696,225626.5,237656,241692.5,247362.5,248363,243757,241439,229487.5,213698,212180,214459.5,204245.5,205773,216476,217449,206487,188082,175765.5,161794,153749,142783.5,120525,116427,100622,83859,88331.5,88217,88955.5,81354.5,68528.5,64204,63783,68731.5,67195,411757,56100,51407,48033,42567,37922,175728,33864,29233,23741.5,19558,15758.5,12594.5,10570.5,8467.5,6460.5,4543.5,3207,2269.5,1762,1381.5,863.5,1453
"2021","경기도","남자",6740110,38639,43332.5,47941.5,52305,58159.5,63910,65817.5,65005,68416.5,70910,69539.5,67495,66757.5,69639,67921,63104,64037.5,67818,69001,73703.5,83226,87178,86494.5,89620,93460,97673,101038.5,101822,103029,102613.5,96518,90916.5,90078.5,89299,89251,92255.5,94555,101436.5,113148,119802.5,120782,118791.5,110552.5,106520.5,108786,109175,114484.5,120188.5,122352,126002,126212.5,122964,120600,113597.5,107994,108510.5,108547.5,104312.5,105529.5,109919.5,109416.5,103898,94907,88597,80653,75636,69980.5,59047,56538,48487,39844,41753,41591.5,41475,37408,31202.5,28529.5,27598,29434,28336.5,143088.5,22988,20469,18589,16003.5,13709,51330,11623.5,9580,7461.5,5813.5,4450.5,3287.5,2644,1984.5,1377,907.5,608,443.5,388.5,306.5,182.5,271.5
"2021","경기도","여자",6658835,37162.5,41419,45607,49472,55033.5,61099.5,62894.5,62254.5,65314,67593.5,65971,63916.5,63542.5,66487.5,64739.5,59876,60878.5,64160.5,64502.5,68565.5,76766.5,79805,79414,82941.5,85926.5,87416.5,88365,88381,89824.5,90924,86275,82651.5,83168.5,83396.5,83997,87073.5,89916,96496.5,107666.5,114597.5,115828,115028.5,106171,102809,105803,105521,111142,117467.5,119340.5,121360.5,122150.5,120793,120839,115890,105704,103669.5,105912,99933,100243.5,106556.5,108032.5,102589,93175,87168.5,81141,78113,72803,61478,59889,52135,44015,46578.5,46625.5,47480.5,43946.5,37326,35674.5,36185,39297.5,38858.5,268668.5,33112,30938,29444,26563.5,24213,124398,22240.5,19653,16280,13744.5,11308,9307,7926.5,6483,5083.5,3636,2599,1826,1373.5,1075,681,1181.5
"2021","강원도","계",1530536.5,7497,8357.5,8716.5,9113,10100.5,11074,11400,11494.5,12399.5,13094,13054,12781.5,12658.5,13368.5,13208.5,12653.5,13385,14119.5,14615,15675.5,17712,18473,18298,18427,18233,17768,17457,17026.5,16971,16777.5,15888.5,15102.5,14949,14761.5,14785,15344.5,15803.5,17053.5,19325,20498.5,20761.5,20851,20012,19820,20291,20848,22545,24499.5,24979,25416.5,26064.5,26467.5,27274,26408,25317,25160,25171,25268.5,26948,29699,30757,30193.5,28596.5,27803.5,26283.5,24668,23358.5,20045.5,20050.5,17086,12737,13361.5,13968,14702,13850,12667.5,12671.5,12579,13361,13238,85337,11816.5,11066.5,10230,8877.5,7735,35611.5,6817,5748,4692.5,3804.5,3050.5,2599,2230.5,1796,1388,1002.5,737,550.5,408.5,285,170,332
"2021","강원도","남자",770403,3820.5,4291,4439,4650.5,5223.5,5656.5,5803.5,5890,6305,6718.5,6747,6580.5,6515.5,6952.5,6889.5,6586,6978.5,7342.5,7616,8290,9506,9984,10138.5,10548.5,10588.5,10365,10085.5,9758.5,9553.5,9177.5,8761,8321.5,8006,7767,7768,8129.5,8243,8811,9861.5,10405.5,10552.5,10510,10186,10110.5,10313,10639.5,11539.5,12646,13063,13296.5,13600.5,13774.5,14169.5,13614.5,13147.5,12978,12790.5,12982,13832,14969.5,15232.5,14929,14276.5,14099,13366,12386,11704,9980.5,9850,8243,5939,6278.5,6567.5,6864,6471.5,5793.5,5557,5374.5,5603,5397,28700.5,4718.5,4281.5,3894.5,3305.5,2793,9707.5,2325,1749.5,1337,1035.5,771,621,498,371,266,179,146,131,111.5,71.5,30,64.5
"2021","강원도","여자",760133.5,3676.5,4066.5,4277.5,4462.5,4877,5417.5,5596.5,5604.5,6094.5,6375.5,6307,6201,6143,6416,6319,6067.5,6406.5,6777,6999,7385.5,8206,8489,8159.5,7878.5,7644.5,7403,7371.5,7268,7417.5,7600,7127.5,6781,6943,6994.5,7017,7215,7560.5,8242.5,9463.5,10093,10209,10341,9826,9709.5,9978,10208.5,11005.5,11853.5,11916,12120,12464,12693,13104.5,12793.5,12169.5,12182,12380.5,12286.5,13116,14729.5,15524.5,15264.5,14320,13704.5,12917.5,12282,11654.5,10065,10200.5,8843,6798,7083,7400.5,7838,7378.5,6874,7114.5,7204.5,7758,7841,56636.5,7098,6785,6335.5,5572,4942,25904,4492,3998.5,3355.5,2769,2279.5,1978,1732.5,1425,1122,823.5,591,419.5,297,213.5,140,267.5
"2021","충청북도","계",1591246,8214.5,9055.5,10045.5,11091.5,12103,13202,13471.5,13545.5,14429,14980.5,14899.5,14485,14255,15010.5,14687.5,13709,14199,14932,15289,16306,18318.5,19052,18923,19271,19667.5,19971,20347,20494,20451,19757.5,18459,17510,17377,17456.5,17739.5,18170,18788.5,20178,22429,23482,23350.5,23335,21998.5,21550.5,22367.5,22635,24182,25987.5,25961,26178,26852.5,27759,28864.5,27797,26368,26429.5,26190,24346.5,25960.5,29765.5,29858.5,27947,26328,25735,24486,22917.5,21305,18478.5,18201.5,15983.5,12855.5,13112.5,13298.5,13287,11843,10276.5,10338.5,10643.5,12081,12038,76600,9818.5,9391,8977.5,7921,7303.5,33188.5,6657,5714.5,4642,3780.5,2907.5,2290.5,1916.5,1505,1149,784.5,539,384,286.5,234,162,236
"2021","충청북도","남자",806851.5,4191,4677.5,5190,5670.5,6203,6755.5,6807,6865,7357.5,7663,7668.5,7471.5,7392,7790,7563,7084.5,7434.5,7838.5,8008,8564,9728.5,10265.5,10230,10479.5,10913,11242.5,11559,11799,11828,11233.5,10337,9660.5,9396.5,9351,9456.5,9645,9876.5,10564,11573,12166,12096.5,12071.5,11483,11208.5,11539,11666,12411.5,13381.5,13456.5,13648,13939,14260.5,14613,14037.5,13641,13729.5,13447,12583.5,13500,15343,15094.5,14002,13338,13130,12414.5,11483,10543,9156,8972,7788.5,6184.5,6357,6454.5,6295.5,5503.5,4676,4505,4453.5,4958,4827.5,25160,3849,3607,3314.5,2836,2515.5,9038,2139.5,1767.5,1333,1031.5,731,523,421,335,252.5,157,102.5,78,54.5,45,32.5,34.5
"2021","충청북도","여자",784394.5,4023.5,4378,4855.5,5421,5900,6446.5,6664.5,6680.5,7071.5,7317.5,7231,7013.5,6863,7220.5,7124.5,6624.5,6764.5,7093.5,7281,7742,8590,8786.5,8693,8791.5,8754.5,8728.5,8788,8695,8623,8524,8122,7849.5,7980.5,8105.5,8283,8525,8912,9614,10856,11316,11254,11263.5,10515.5,10342,10828.5,10969,11770.5,12606,12504.5,12530,12913.5,13498.5,14251.5,13759.5,12727,12700,12743,11763,12460.5,14422.5,14764,13945,12990,12605,12071.5,11434.5,10762,9322.5,9229.5,8195,6671,6755.5,6844,6991.5,6339.5,5600.5,5833.5,6190,7123,7210.5,51440,5969.5,5784,5663,5085,4788,24150.5,4517.5,3947,3309,2749,2176.5,1767.5,1495.5,1170,896.5,627.5,436.5,306,232,189,129.5,201.5
"2021","충청남도","계",2109102,11245.5,12721,13869,15087.5,16798,18451.5,19042,19112,20278.5,21022.5,20691,20099.5,19950,20849,20330,18983.5,19214.5,19974.5,20094,21221,23742.5,24334.5,23576.5,23537.5,23461.5,23635,23897,24257,24857.5,24733.5,23596,23178.5,23450.5,24107,24587,25181,25739.5,27873.5,31551.5,33462,33458.5,32797.5,30666.5,29898,30653,30690.5,32408.5,34546,34211.5,34924,35466.5,35126,35920,34523,31800,31642.5,33074.5,31466,32246.5,36359,37794,35726,32110,30459.5,29192,28747.5,27664.5,23224.5,21972,20822,19289,20012.5,19656.5,19195,16745.5,13680,13815.5,14578,16891,17071.5,116784,13666,13243.5,13366.5,12117,11170,53221,10328.5,9076,7437,6288,4993.5,3695.5,3010,2415.5,1790,1239,871.5,615,472.5,370.5,236,382.5
"2021","충청남도","남자",1077094,5829.5,6531.5,7064.5,7702,8582,9448,9747,9766,10361.5,10815,10723,10427.5,10310.5,10804,10579.5,9833,9894,10342.5,10519,11137.5,12536.5,13072.5,12865,12971.5,13033,13314,13634.5,13716,13767.5,13666,13171.5,12801,12759,12979,13183.5,13508,13732.5,14805.5,16737.5,17831.5,17837,17373,16387.5,16103,16254,16080,17105,18354.5,18326,18879.5,19115.5,18768,19006.5,18088.5,16879.5,16834.5,17365.5,16546,17034.5,19007.5,19359,18059.5,16191,15466.5,14812.5,14349,13642,11422,10720,10134,9311.5,9623.5,9479.5,9156,8001.5,6445,6088.5,6155,6919.5,6819.5,39090.5,5338,5029.5,4925,4343.5,3929.5,15525,3481,2968.5,2350,1854,1391.5,966.5,743,555,391,275,188,125,86.5,61.5,36.5,52
"2021","충청남도","여자",1032008,5416,6189.5,6804.5,7385.5,8216,9003.5,9295,9346,9917,10207.5,9968,9672,9639.5,10045,9750.5,9150.5,9320.5,9632,9575,10083.5,11206,11262,10711.5,10566,10428.5,10321,10262.5,10541,11090,11067.5,10424.5,10377.5,10691.5,11128,11403.5,11673,12007,13068,14814,15630.5,15621.5,15424.5,14279,13795,14399,14610.5,15303.5,16191.5,15885.5,16044.5,16351,16358,16913.5,16434.5,14920.5,14808,15709,14920,15212,17351.5,18435,17666.5,15919,14993,14379.5,14398.5,14022.5,11802.5,11252,10688,9977.5,10389,10177,10039,8744,7235,7727,8423,9971.5,10252,77693.5,8328,8214,8441.5,7773.5,7240.5,37696,6847.5,6107.5,5087,4434,3602,2729,2267,1860.5,1399,964,683.5,490,386,309,199.5,330.5
"2021","전라북도","계",1786321.5,7621.5,8620,9634,10806,12184.5,13654.5,14483.5,14739.5,15749.5,16660.5,16712.5,16288.5,16242,17171,16949.5,16142,16847,17849.5,18531,19665.5,21941.5,22457.5,22033.5,21775,21377,20900.5,20445,19720,19122,18615.5,17409,16448.5,16276,16202,16490,17398,18296,19914.5,22357.5,23688,24170.5,24392.5,23448.5,23712,24659.5,24831.5,27236.5,29464,29614,30619.5,31038,30279.5,30967.5,30423.5,29005,29103.5,28719.5,27559,28733.5,31106,33191.5,32530.5,28645.5,27325.5,26465.5,26020,25358,21363,20032.5,19562,19387.5,19814,18428,19040.5,17892.5,14332.5,13206,13400,16689.5,17353.5,107781,13442.5,12567,12299,11019,9942,48511.5,9197.5,8148,6789.5,5539.5,4461,3551.5,2839,2306.5,1803.5,1241,747,501,423.5,366,229,368
"2021","전라북도","남자",888453,3886.5,4381.5,4911,5525.5,6262,7011,7456.5,7603,8132,8552.5,8551.5,8369,8403.5,8887,8740,8403.5,8785,9197.5,9636.5,10281.5,11533.5,11965,11830,11913,11777.5,11589,11239,10711.5,10222,9861.5,9242,8723.5,8524.5,8393,8454,8871,9306,10202.5,11431,12095.5,12345.5,12447.5,12056.5,12114.5,12633,12784.5,14000.5,15129.5,15345.5,16103.5,16269,15791,16107,15670.5,15123,15224.5,14830.5,14261,14803,15828,16555,16151.5,14258,13720,13339,12883,12408,10420.5,9701,9402.5,9269.5,9295,8532,8867.5,8291,6459,5691.5,5555.5,6595.5,6738.5,34590,5133.5,4626,4440.5,3841.5,3292,13256.5,2953.5,2539.5,1990,1527.5,1144.5,845.5,667.5,521,372.5,247,143,94,68,58.5,38.5,46
"2021","전라북도","여자",897868.5,3735,4238.5,4723,5280.5,5922.5,6643.5,7027,7136.5,7617.5,8108,8161,7919.5,7838.5,8284,8209.5,7738.5,8062,8652,8894.5,9384,10408,10492.5,10203.5,9862,9599.5,9311.5,9206,9008.5,8900,8754,8167,7725,7751.5,7809,8036,8527,8990,9712,10926.5,11592.5,11825,11945,11392,11597.5,12026.5,12047,13236,14334.5,14268.5,14516,14769,14488.5,14860.5,14753,13882,13879,13889,13298,13930.5,15278,16636.5,16379,14387.5,13605.5,13126.5,13137,12950,10942.5,10331.5,10159.5,10118,10519,9896,10173,9601.5,7873.5,7514.5,7844.5,10094,10615,73191,8309,7941,7858.5,7177.5,6650,35255,6244,5608.5,4799.5,4012,3316.5,2706,2171.5,1785.5,1431,994,604,407,355.5,307.5,190.5,322
"2021","전라남도","계",1833020.5,8843.5,10071,10652,11269.5,12453.5,13732.5,14137,14498,15714,16546.5,16407.5,15853,15629,16487.5,16254,15261.5,15879,17002.5,17655,18646.5,20975.5,21600,20623,20233.5,19858.5,19590.5,19289,18523,18276.5,17702,16539.5,15719,15542.5,15677.5,16218.5,17238.5,18207.5,19896.5,22485.5,23670,23829.5,24290,23218.5,22994.5,23779.5,23847.5,25717,27812,28728.5,29932,30771.5,30474.5,31381,31554.5,30713,31076.5,30749.5,30404,31179,32484,34833,34766,31715.5,29901.5,27729,26782,25823.5,21852.5,21573.5,22041,20814.5,21079,20621.5,21081,19535.5,16554,15898.5,15888.5,19273,20368,129093.5,17310.5,16113,15093,13475.5,11832,55269.5,10400,9195.5,7517.5,6184,5119,4273,3529.5,2567,1846,1309,900.5,654,587,482.5,280.5,424.5
"2021","전라남도","남자",922030,4500,5138,5425,5786,6394.5,7031,7237.5,7386.5,7977.5,8334.5,8417,8187,8040,8507,8364.5,7829,8227,8851,9208,9907,11412.5,11992.5,11505,11369.5,11304.5,11260.5,11042,10426,10059.5,9563,8946,8379.5,8195.5,8181.5,8400,8983.5,9470,10379,11850,12600,12645,12724,12270,12174.5,12641.5,12809,13780,14946.5,15457.5,16307,16728.5,16431.5,16945.5,17027,16776.5,16981.5,16386.5,16194.5,16636,16960,17811,17745,16242,15374,14170.5,13574.5,12932.5,10808,10509,10759,10094,10121.5,9852,9796.5,8893,7241,6646.5,6424,7519.5,7796,38830,6365,5713.5,5148,4338,3630,13635.5,3036,2579,1995,1547,1214.5,903,728,546,356.5,231,146.5,112.5,91,69,33.5,47
"2021","전라남도","여자",910990.5,4343.5,4933,5227,5483.5,6059,6701.5,6899.5,7111.5,7736.5,8212,7990.5,7666,7589,7980.5,7889.5,7432.5,7652,8151.5,8447,8739.5,9563,9607.5,9118,8864,8554,8330,8247,8097,8217,8139,7593.5,7339.5,7347,7496,7818.5,8255,8737.5,9517.5,10635.5,11070,11184.5,11566,10948.5,10820,11138,11038.5,11937,12865.5,13271,13625,14043,14043,14435.5,14527.5,13936.5,14095,14363,14209.5,14543,15524,17022,17021,15473.5,14527.5,13558.5,13207.5,12891,11044.5,11064.5,11282,10720.5,10957.5,10769.5,11284.5,10642.5,9313,9252,9464.5,11753.5,12572,90263.5,10945.5,10399.5,9945,9137.5,8202,41634,7364,6616.5,5522.5,4637,3904.5,3370,2801.5,2021,1489.5,1078,754,541.5,496,413.5,247,377.5
"2021","경상북도","계",2619827.5,12155,13702,15107,16590.5,18531,20520,21011.5,21036,22304,23024,22343,21526,21442,22551.5,22027.5,20846.5,21698.5,22823,23520,24968,28462.5,29555.5,28308.5,28009.5,28014,27698.5,27685,27217.5,27210.5,27157.5,25940,25077,25015.5,25468.5,26159,26965.5,27809.5,30145.5,34293,36742.5,37117,36757,34363,33690.5,34863.5,35855,38623,41035.5,42081,43148.5,44172,44921,46645,45978.5,43753,44110,44535.5,43626.5,45885.5,50216.5,51264.5,50651.5,46839,43861,43167,41650.5,38894,35103,35149,32201,27869,28062,28616.5,27519.5,22554.5,17860,18927,21683.5,24846,23867,157202.5,19914.5,19617,18447.5,16023,14609.5,68591,13376,11749.5,9506,7873,6376,4891,3872.5,3086,2434,1695,1146.5,783.5,582,445.5,284,490.5
"2021","경상북도","남자",1319711.5,6194.5,7016.5,7799,8572.5,9486,10502,10793,10893,11599,11942,11555.5,11167.5,11177.5,11727,11489.5,10957.5,11517.5,12104,12465.5,13301.5,15512,16490.5,15832.5,15955,16195.5,16124.5,15977,15644.5,15371,15094,14494.5,13968.5,13826.5,13772.5,13926.5,14338,14646.5,15714.5,17818.5,19012.5,19327,19171,18103,17660.5,18077.5,18566,19992.5,21180.5,21877,22787.5,23167.5,23392,24215.5,23466,22769.5,23070.5,22871.5,22569,23742.5,25785,25936,25252.5,23530,22410.5,21936,20577.5,19149.5,17257,16882,15436,13403.5,13551,13778.5,13042,10550.5,8085.5,8016.5,8767,9886,9321,49176,7482,7129.5,6443.5,5385,4752.5,17983.5,4165.5,3484,2677,2105,1614.5,1108.5,836.5,631.5,470.5,321,186.5,131.5,96.5,68,41,46
"2021","경상북도","여자",1300116,5960.5,6685.5,7308,8018,9045,10018,10218.5,10143,10705,11082,10787.5,10358.5,10264.5,10824.5,10538,9889,10181,10719,11054.5,11666.5,12950.5,13065,12476,12054.5,11818.5,11574,11708,11573,11839.5,12063.5,11445.5,11108.5,11189,11696,12232.5,12627.5,13163,14431,16474.5,17730,17790,17586,16260,16030,16786,17289,18630.5,19855,20204,20361,21004.5,21529,22429.5,22512.5,20983.5,21039.5,21664,21057.5,22143,24431.5,25328.5,25399,23309,21450.5,21231,21073,19744.5,17846,18267,16765,14465.5,14511,14838,14477.5,12004,9774.5,10910.5,12916.5,14960,14546,108026.5,12432.5,12487.5,12004,10638,9857,50607.5,9210.5,8265.5,6829,5768,4761.5,3782.5,3036,2454.5,1963.5,1374,960,652,485.5,377.5,243,444.5
"2021","경상남도","계",3311248.5,15706.5,18086,20517,22938,26049,29174.5,30604,30603.5,32268.5,33696,33152.5,31944.5,31633.5,33287,32222,29712.5,30502,32159.5,32768.5,34215.5,38015,39093.5,37355.5,36815,37048,36765,36402,36132,36080.5,36030,34465,33266.5,33431.5,33767.5,34765,36613,38761.5,42493.5,48258,51936.5,53297.5,53141.5,49707,47938.5,48566.5,49473,52866.5,56664,57748.5,58768,60433,60904.5,61265,59597.5,56444,55566,54621.5,51782.5,55276,61138.5,62656,59354,53738,51539,49047,47298.5,44280.5,37415,36211.5,34034,29404.5,29253.5,29364.5,28258,24530,19961,19788.5,21053,22357.5,22303.5,145466.5,19648.5,18212,16613,14787.5,13468,62737.5,12109,10608,8808,7243.5,5956.5,4650,3691.5,2851,2127.5,1494,1029,706.5,489,380,228,366
"2021","경상남도","남자",1666507.5,8093.5,9271,10487.5,11830.5,13425.5,14978.5,15745,15790.5,16604,17304,17090,16540.5,16320.5,17163,16702.5,15474,16002.5,16987,17317.5,18340,20883,21754.5,20709.5,20698,20994.5,20895,20554,20182,19868,19539,18750.5,17996.5,17767.5,17668.5,18111.5,19188.5,20062.5,21854,24798,26690.5,27429,27348.5,25762.5,24698,24911.5,25355,27077,28936.5,29685,30501,31109,31169.5,31137.5,29920,28973.5,28724.5,27682.5,26643,28445,30862.5,31243.5,29721,27190.5,26080,24551.5,23233,21874,18538.5,17574,16477.5,14106,13923.5,13907.5,13160.5,11215.5,8993.5,8499,8634,8784.5,8497,43499,7224.5,6383.5,5595.5,4817.5,4220.5,15257.5,3589,2950,2324.5,1756.5,1301,925.5,725.5,562,385.5,258,158.5,106,73.5,52.5,34,55.5
"2021","경상남도","여자",1644741,7613,8815,10029.5,11107.5,12623.5,14196,14859,14813,15664.5,16392,16062.5,15404,15313,16124,15519.5,14238.5,14499.5,15172.5,15451,15875.5,17132,17339,16646,16117,16053.5,15870,15848,15950,16212.5,16491,15714.5,15270,15664,16099,16653.5,17424.5,18699,20639.5,23460,25246,25868.5,25793,23944.5,23240.5,23655,24118,25789.5,27727.5,28063.5,28267,29324,29735,30127.5,29677.5,27470.5,26841.5,26939,25139.5,26831,30276,31412.5,29633,26547.5,25459,24495.5,24065.5,22406.5,18876.5,18637.5,17556.5,15298.5,15330,15457,15097.5,13314.5,10967.5,11289.5,12419,13573,13806.5,101967.5,12424,11828.5,11017.5,9970,9247.5,47480,8520,7658,6483.5,5487,4655.5,3724.5,2966,2289,1742,1236,870.5,600.5,415.5,327.5,194,310.5
"2021","제주특별자치도","계",670992.5,3741.5,4315,4827,5263,5881,6455.5,6780.5,6894.5,7352,7607.5,7397,7170.5,6981.5,7215.5,7127.5,6664,6624,6961.5,7066,7235,8139.5,8304,7918.5,8053.5,8082.5,8148.5,8290,8274.5,8299,8088,7492.5,7000,6886,6989.5,7159,7598,8147.5,8941.5,10204.5,10954,11018,11149.5,10303,9901.5,10285,10352.5,11125.5,11892.5,12188,12735.5,12726.5,12185.5,12019.5,11502,11055.5,10815,10498.5,10561,10586,10467.5,10630.5,10286.5,9499.5,8978,8511.5,8277.5,7628.5,6173.5,5760.5,5482,5004.5,4958,5134,5238,4863.5,4268,3987.5,3905,3945.5,3950,28612,3557,3292,3111.5,2828,2513.5,13310,2255.5,2098.5,1935.5,1599,1194,946,846.5,625.5,414.5,306,213.5,152,208.5,219,124,172
"2021","제주특별자치도","남자",336679.5,1943,2220.5,2458.5,2704.5,3018.5,3345,3499,3506.5,3750,3914,3833.5,3731.5,3607.5,3714,3694.5,3505,3511.5,3653.5,3738.5,3855.5,4312.5,4408.5,4211,4275.5,4302,4304.5,4380.5,4359.5,4372,4193.5,3869.5,3605.5,3460,3504.5,3617,3862,4053,4432.5,5099.5,5507,5576.5,5585,5179,5049,5319.5,5407.5,5840.5,6210,6264,6590.5,6587,6344.5,6255,5963.5,5830.5,5736,5471,5477.5,5472.5,5318.5,5372,5186,4786,4552,4261.5,4087.5,3775.5,2998,2760,2658,2381.5,2308,2438,2465.5,2240,1965,1801,1693.5,1672.5,1639,8827,1422,1251.5,1140.5,1004,842,3167,719,644,534.5,390.5,266.5,185,152.5,105,48.5,32.5,23.5,14.5,17,15.5,8.5,10
"2021","제주특별자치도","여자",334313,1798.5,2094.5,2368.5,2558.5,2862.5,3110.5,3281.5,3388,3602,3693.5,3563.5,3439,3374,3501.5,3433,3159,3112.5,3308,3327.5,3379.5,3827,3895.5,3707.5,3778,3780.5,3844,3909.5,3915,3927,3894.5,3623,3394.5,3426,3485,3542,3736,4094.5,4509,5105,5447,5441.5,5564.5,5124,4852.5,4965.5,4945,5285,5682.5,5924,6145,6139.5,5841,5764.5,5538.5,5225,5079,5027.5,5083.5,5113.5,5149,5258.5,5100.5,4713.5,4426,4250,4190,3853,3175.5,3000.5,2824,2623,2650,2696,2772.5,2623.5,2303,2186.5,2211.5,2273,2311,19785,2135,2040.5,1971,1824,1671.5,10143,1536.5,1454.5,1401,1208.5,927.5,761,694,520.5,366,273.5,190,137.5,191.5,203.5,115.5,162
